"","featureA","featureB","featureC","label"
"1",8.00577456915673,-0.833469719819636,2.39927046276311,"Cat"
"2",2.51261438803066,-0.0124733942363053,2.76159975983009,"Cat"
"3",1.42006514445347,-0.424679547415432,2.28643109815228,"Cat"
"4",6.95269185483322,0.893134366234965,2.9824118414482,"Cookie"
"5",1.92227632787897,0.0332749819794668,2.18724087348701,"Cat"
"6",5.73447863888271,0.187780572711505,2.75467963745579,"Cat"
"7",5.21021529611916,-0.326578253203841,2.73045879250519,"Cat"
"8",2.45270806527258,0.659014173546447,2.6072670758953,"Cat"
"9",8.54739032412789,0.89126792312094,2.03845016952324,"Cookie"
"10",7.553881586284,0.6636820156379,2.76714296552677,"Cookie"
"11",7.80341396831367,2.07632779376434,2.36087253065474,"Cookie"
"12",4.28281629933972,-0.75225388107725,2.80271270764779,"Cat"
"13",5.38576314020135,0.006109768380549,2.50401719453317,"Cat"
"14",2.29592189779762,0.765260649430621,2.67772079685093,"Cat"
"15",6.19745225005415,-0.361965541376282,2.51146417990705,"Cat"
"16",7.48231334009572,1.80429230947696,2.55522526939639,"Cookie"
"17",6.36061743942988,0.263128196667167,2.39497988461202,"Cat"
"18",0.116598794629004,0.249481917049843,2.65128015503532,"Cat"
"19",-3.33705703914034,0.320652872414646,2.44903737853754,"Cat"
"20",3.81477176267542,-0.295412482530779,2.33401276138262,"Cat"
"21",4.88299550408478,1.17079478093646,2.18110157064486,"Cookie"
"22",-0.817559919115189,0.620511548985356,2.42131826599197,"Cat"
"23",2.2265175469221,1.41265063962006,2.53045786729131,"Cookie"
"24",2.33159256603982,0.844218787572822,2.2059514466665,"Cookie"
"25",3.15100544100204,0.364857828552541,2.22515718443043,"Cat"
"26",4.47834940533646,0.951797650106733,2.06723447571403,"Cookie"
"27",0.659758542966856,0.385100023429614,2.37453755623051,"Cat"
"28",6.05795165005889,1.07314831596468,2.65298057019885,"Cookie"
"29",8.17989118224531,-0.412755704035421,2.02913953327669,"Cat"
"30",7.89287803937422,1.70708899451602,2.30855369069864,"Cookie"
"31",4.63174107576614,0.593817437985909,2.71232712252985,"Cat"
"32",5.71394091266237,1.02067236969071,2.80929827847676,"Cookie"
"33",2.98732774340488,-0.37708625925631,2.78881235387935,"Cat"
"34",-1.18955953529114,1.18959585597005,2.83433876314886,"Cat"
"35",-1.90638183588129,0.660317075590842,2.25252936142512,"Cat"
"36",-0.83279860777192,0.238961523970723,2.91324585498848,"Cat"
"37",6.67020203375117,0.426514330650779,2.79272313140766,"Cat"
"38",2.71355015905505,0.785774810624605,2.56965941796531,"Cat"
"39",-2.46541559415443,1.14840890317856,2.69101693997514,"Cat"
"40",5.97810756312597,2.56638448989399,1.95873001907372,"Cookie"
"41",2.57985559537304,-0.0990388615877964,2.46374992620775,"Cat"
"42",7.65100943467812,-0.230396494265044,2.61445136939305,"Cat"
"43",2.48262165947952,0.463126751578679,2.65879937208028,"Cat"
"44",7.60138355484641,1.24071471310297,2.14823863107719,"Cookie"
"45",10.250788225372,0.623309367228933,2.53489583388695,"Cookie"
"46",5.58055395836807,0.632270502335274,2.12148126677522,"Cookie"
"47",4.67899385191817,0.202981889461059,2.56950691585439,"Cat"
"48",7.13433565057446,1.4664435910526,1.902024508981,"Cookie"
"49",0.787942614523704,0.851021457044242,2.26581830442643,"Cat"
"50",5.87606972400931,1.10233606195588,2.38808706597903,"Cookie"
"51",1.79061570511935,0.140739469022446,2.66167753590015,"Cat"
"52",2.51792974023841,-0.090806754828894,2.21543406581091,"Cat"
"53",-2.42117836829237,0.0735899399632952,2.56754462581728,"Cat"
"54",0.759860154265535,0.0859688203603063,2.69691647235222,"Cat"
"55",0.823009342292697,1.78863617272161,2.54638124544352,"Cookie"
"56",6.48739290582013,1.15754638297607,2.38263514559241,"Cookie"
"57",8.67273827023193,0.893316355336874,2.2616192752153,"Cookie"
"58",5.11881177549328,0.539715177556307,2.71997583504487,"Cat"
"59",8.21649617623483,0.443245298081796,2.83512219615468,"Cookie"
"60",7.02137209246257,1.16457631100277,2.64844935373407,"Cookie"
"61",2.17366558347699,-0.166600034268327,2.75994476719379,"Cat"
"62",1.14794124177326,0.60158917914969,2.03603067784981,"Cat"
"63",3.63023531250941,1.2508691086136,2.65125926468796,"Cookie"
"64",0.819788999385672,1.07799595742911,2.37949336496315,"Cookie"
"65",5.67399851704657,-0.17703770806265,2.25017400798249,"Cat"
"66",5.46340358735356,0.692749841424459,2.40113472863378,"Cookie"
"67",4.38976738035355,0.988181143019349,2.8231468659413,"Cookie"
"68",3.18658144167255,0.859406483223614,2.97628514160057,"Cat"
"69",4.68423603286754,1.08978390168388,2.47659472586408,"Cookie"
"70",1.99403347834491,-0.148781093712047,2.23775014041446,"Cat"
"71",1.78992936667602,0.728826927167086,2.95678901926519,"Cat"
"72",4.69197617763825,1.45135218217255,2.35495132827851,"Cookie"
"73",5.13650603033239,-0.171686889326276,2.54285180382073,"Cat"
"74",-0.227881912700871,1.22104971319786,2.15404351573478,"Cookie"
"75",6.12450878744183,1.3529602071565,2.34302914140538,"Cookie"
"76",2.40511133068808,0.0184035474113895,3.07106079229717,"Cat"
"77",4.24498718927386,1.19790483730989,2.20826011579664,"Cookie"
"78",-0.066787653850354,0.437572757855884,2.43425969916317,"Cat"
"79",1.96027145373714,0.708589313491828,2.54300741865027,"Cat"
"80",3.41959977482217,-0.129400652623151,2.06357291221492,"Cat"
"81",3.56669556146297,0.687889264482593,2.35903510084591,"Cookie"
"82",2.16994923664671,-0.2824260117544,2.5058830773248,"Cat"
"83",2.62297525127092,-0.684736931874823,2.4105319854102,"Cat"
"84",1.46778485863325,0.0423529199411271,2.53950775939175,"Cat"
"85",7.07154155874074,1.71348844113661,2.77737553442866,"Cookie"
"86",8.11080672071031,1.50994978467781,2.28214498216424,"Cookie"
"87",1.01679615568364,0.699411677504923,2.55392028992006,"Cat"
"88",1.1051335053682,-0.262702740081081,2.08656257761675,"Cat"
"89",4.71152639033104,0.336216605364416,2.84887885007759,"Cat"
"90",5.44916771836804,1.10243646366505,2.62794595544098,"Cookie"
"91",8.49182418653418,1.029704122194,2.04874075748729,"Cookie"
"92",4.317573593416,0.242475078934979,2.64344355344735,"Cat"
"93",3.84406930486349,1.04318725825878,2.64340710707866,"Cookie"
"94",4.33500657946834,0.426217208131048,2.3906822589334,"Cat"
"95",8.31009321092665,1.25690095661971,2.31880255360055,"Cookie"
"96",11.4415946283007,-0.228410226056448,2.30706421153703,"Cookie"
"97",1.09644068551977,0.023133023005417,2.70419628471911,"Cat"
"98",2.53533453074046,0.100662700601414,2.77431996898172,"Cat"
"99",3.82829662398136,-0.477120989871986,3.03122123312221,"Cat"
"100",-0.136566607754106,2.31571870522478,2.31572347985515,"Cookie"
"101",3.22724338532586,0.152338181126466,2.48489897870119,"Cat"
"102",3.55985629573272,-0.571109013649006,2.46564951750865,"Cat"
"103",3.76234870388792,1.81804641275356,2.54765629213628,"Cookie"
"104",1.57077842530458,-0.505343144956207,2.58277124004322,"Cat"
"105",6.50592439940738,0.163090858303329,2.92158555611243,"Cat"
"106",6.91882165820816,0.445715008080409,2.62174319812434,"Cookie"
"107",7.90880818743214,0.867927925561572,2.25369163221377,"Cookie"
"108",10.4283629625583,-0.00964265032662914,2.27724696125897,"Cookie"
"109",7.19507923927423,0.766895260297184,2.65819949431295,"Cookie"
"110",3.80808528162163,-0.153124227139755,1.99871045839375,"Cat"
"111",3.08563059719554,1.01421718544721,2.72072295379952,"Cookie"
"112",5.81719132857577,1.45200711622049,2.68995511143022,"Cookie"
"113",7.32094300554567,-0.560752513787496,2.45175089843786,"Cat"
"114",3.39360336156236,0.430556511765349,2.597120990798,"Cat"
"115",5.86048147657509,1.08785579355616,2.51652138975162,"Cookie"
"116",0.102543077732639,0.612872935792781,2.80976234118919,"Cat"
"117",2.01946782122511,0.81123610753299,2.45558504369284,"Cat"
"118",6.23895302737489,0.992423673189277,2.75296688710847,"Cookie"
"119",3.11548942159438,0.00504740109011403,2.4072079398478,"Cat"
"120",3.03258056257655,0.27416989034564,2.68505755434783,"Cat"
"121",3.5518381448559,0.953995818321737,2.34277273141465,"Cookie"
"122",2.13866984289513,-0.114061941184964,2.84384294089306,"Cat"
"123",0.0333099331800035,0.472400825252561,2.64432417093289,"Cat"
"124",7.3235199582215,-0.00112191779354809,2.60854165900277,"Cat"
"125",4.30898207399389,-0.401725327667856,2.6629053637291,"Cat"
"126",1.63203208436488,0.512908940384343,2.32156333252592,"Cat"
"127",-0.233236217633193,1.35185898840075,2.08838232806161,"Cookie"
"128",2.10295467880621,-0.307613909269862,2.48505381416131,"Cat"
"129",1.28259828827408,-0.0713695212957559,3.09306265966314,"Cat"
"130",-0.31249915353506,-0.946104964074968,2.26524502421472,"Cat"
"131",0.632062616490477,1.01494087925798,2.9003099344616,"Cat"
"132",2.17499581500833,1.35759374124737,2.84982368366732,"Cookie"
"133",5.43088594263739,0.274926956239074,2.57674426684752,"Cat"
"134",3.93697268390917,0.464148370497094,2.90406158083119,"Cat"
"135",2.18111230245617,0.350075379850837,2.76358605965786,"Cat"
"136",8.2729171640479,0.853660995297888,2.19536849126355,"Cookie"
"137",2.39218224796164,0.51730138988377,2.53303897907897,"Cat"
"138",-0.243826577437087,1.46078063611896,2.54221091516451,"Cookie"
"139",1.35492710801396,0.825187715343455,2.56963526322765,"Cat"
"140",6.88184574899263,-0.396090894003453,2.3585537993199,"Cat"
"141",3.89706411745142,0.964581526032748,2.66497995599372,"Cookie"
"142",6.85634476492834,-0.604375016999554,2.96641140120488,"Cat"
"143",3.4655880309654,0.48389171340631,2.38874240773468,"Cat"
"144",8.4287259106089,1.58376107962101,2.29593486986523,"Cookie"
"145",3.17374792336828,0.943038288498468,2.94004826543515,"Cat"
"146",2.63165600939511,1.83319872695888,2.55906245249899,"Cookie"
"147",4.71289380892191,0.951879352781863,2.68052627775712,"Cookie"
"148",5.1096328204028,-0.81194183274794,2.68814780320514,"Cat"
"149",3.49247418319616,0.118154254626782,2.74624176357677,"Cat"
"150",1.89824783143078,-0.259250893166975,2.37312711945839,"Cat"
"151",3.47785522260556,-0.0831618549647049,2.64688982700512,"Cat"
"152",0.35322995061983,-0.626670320955855,2.28109395461118,"Cat"
"153",4.47244904366116,0.160026572421947,2.10496692414603,"Cat"
"154",6.49962121778871,0.0919508551625022,2.61696692218247,"Cat"
"155",-1.9070837780303,0.213298252211687,2.42052818644774,"Cat"
"156",3.92069069488578,-0.224963886196594,2.06802397896631,"Cat"
"157",0.31720753096545,2.27391643919471,3.03114770943534,"Cookie"
"158",10.3110987585239,0.461449478436974,2.66691879694097,"Cookie"
"159",7.53106034983287,1.0742563321661,2.31320615870054,"Cookie"
"160",-0.432345113629281,0.197129140960744,2.46074364355239,"Cat"
"161",3.34947208756829,1.66475618221731,2.62493125157256,"Cookie"
"162",3.0904056534594,0.578148819602424,2.4040330172318,"Cat"
"163",6.57698199800527,0.561376214227058,2.41364564626426,"Cookie"
"164",4.30692622873262,1.21248140934191,2.5554832772901,"Cookie"
"165",4.53417458694869,1.74636953605972,2.27016803612326,"Cookie"
"166",5.51758969800056,0.339690336044482,2.19074809448492,"Cookie"
"167",1.93396089132756,-1.10808813207498,2.596641737056,"Cat"
"168",3.38425110887144,0.324922559574244,2.64074666326456,"Cat"
"169",6.09134148107537,-0.66944300674419,2.46533124566952,"Cat"
"170",0.891961626197258,-0.46140738789026,2.71444176597983,"Cat"
"171",6.27555308242403,-0.635032338683481,2.01352811261665,"Cat"
"172",8.03166305331107,-0.495678827274399,2.72014459612073,"Cat"
"173",4.77270593535572,0.0616360330211127,2.586716780941,"Cat"
"174",-0.100509394521628,0.610611541513898,2.53864917767397,"Cat"
"175",3.26769295397775,0.388900483033528,2.15432447849316,"Cat"
"176",7.21269840448108,1.13074069517858,2.41670184760064,"Cookie"
"177",-1.34380188077803,0.279770829689132,2.56761934180638,"Cat"
"178",-0.309283004641555,1.07864277841198,2.4754158438085,"Cat"
"179",7.68114711840999,1.54821817303381,2.50600057675896,"Cookie"
"180",6.18184134018824,0.829616745321956,2.88668380617066,"Cookie"
"181",2.6795948063669,0.119682044594894,1.97030461537233,"Cat"
"182",-1.31225214688023,-0.561156333927306,2.36707642840401,"Cat"
"183",1.44126580824198,1.99466010248575,2.4096138138496,"Cookie"
"184",4.42444841882463,0.909672356538188,2.38786789399724,"Cookie"
"185",3.87030075821363,-0.403077585361122,2.27807749271063,"Cat"
"186",3.51656018432159,0.24327694631982,2.60700211429692,"Cat"
"187",3.00973435758733,-0.599651217712583,2.54184961763705,"Cat"
"188",6.60299926209278,0.718488300243525,2.27501547715052,"Cookie"
"189",0.0618808640104418,0.311316037026631,2.39737339164015,"Cat"
"190",2.3346420030973,1.4697804576363,2.44247211587506,"Cookie"
"191",4.02818850282881,-0.204325578851709,2.47345395802268,"Cat"
"192",-1.4678061354779,-0.663540055833055,2.49677166668487,"Cat"
"193",1.48217203490041,-0.161610029807842,2.79429195105568,"Cat"
"194",3.98788681531032,0.0719994308472355,2.33498917262011,"Cat"
"195",7.68830931832563,1.03041995556803,2.27282508936284,"Cookie"
"196",3.40488995444813,0.575216925437795,2.48963273511045,"Cat"
"197",1.95932374959283,0.462149029068604,2.54857055174608,"Cat"
"198",4.58465749829404,1.0023390508774,2.30918286034183,"Cookie"
"199",-0.563095765370907,0.645272532667388,2.29639045181137,"Cat"
"200",4.17393003116693,-0.570330295312293,2.95243023753466,"Cat"
"201",4.27402280268798,1.02205570560993,1.85630746247865,"Cookie"
"202",3.35532024032531,0.987350764044672,2.78553726905908,"Cookie"
"203",2.08200504805713,0.694672981685313,2.60484952101836,"Cat"
"204",0.166158768616478,1.07419441493332,2.74166918329653,"Cat"
"205",-2.58086955065307,-0.00917100549286975,2.85205208010049,"Cat"
"206",9.10748870637607,-0.0533027588369006,2.57912639046872,"Cat"
"207",3.52091533639538,0.342409322623174,2.56537999802748,"Cat"
"208",1.1341866273397,1.39660746826851,2.0506577670854,"Cookie"
"209",9.10486350407666,0.299764850270302,2.93464121818044,"Cookie"
"210",2.74517576009183,1.01020517825646,2.3020777997214,"Cookie"
"211",6.2125083654884,0.76204465305884,2.18383542492298,"Cookie"
"212",7.38559518253085,0.14164514307071,2.36625044900479,"Cookie"
"213",1.15664462632227,-0.624242127357434,2.28730510568237,"Cat"
"214",1.64343152731023,-0.785576379287755,2.69847009402398,"Cat"
"215",1.04282409206272,0.977663548311028,2.77895327596154,"Cat"
"216",3.02919011260034,0.182557641179227,2.5523447824446,"Cat"
"217",4.17770674961121,0.257163782173962,2.78417988037838,"Cat"
"218",2.36078022185923,0.990866165176724,2.50288554162482,"Cookie"
"219",3.17832634985008,0.571914447761113,2.30699580793396,"Cat"
"220",3.9973662950399,-0.430707393532152,2.20886295294348,"Cat"
"221",2.38406485941803,0.630717236729756,2.34375232921949,"Cat"
"222",2.02895153755964,1.1834137295543,2.10813832687704,"Cookie"
"223",4.58869787383944,0.435528342903056,2.56513672642092,"Cat"
"224",1.81160998024579,0.2926617849138,2.44997315081226,"Cat"
"225",5.08712658752742,0.616356796897152,2.74008661926312,"Cookie"
"226",3.48065493800596,0.138550575149079,2.49753545961398,"Cat"
"227",0.653344955687655,0.243372202041107,2.61289627341582,"Cat"
"228",6.72194157534518,1.1664477774669,2.22468729401977,"Cookie"
"229",7.81439818308417,-0.171383544677654,2.28646076780884,"Cat"
"230",-0.128079374036799,1.28049750497736,2.06893478023042,"Cookie"
"231",6.09415093498498,0.588157332000103,2.57092173859785,"Cookie"
"232",5.12966489836199,-0.198070165164708,2.96677334752722,"Cat"
"233",3.85697072374993,0.616829665808036,2.16368624376952,"Cookie"
"234",5.81467542518435,0.333148906795934,2.32370459147869,"Cookie"
"235",8.93277367757167,0.767534379931497,2.73895811603948,"Cookie"
"236",-0.342011181243519,1.23348991051769,2.26301016867704,"Cookie"
"237",2.07812275894813,1.41232085615329,2.75100382434272,"Cookie"
"238",1.23104355841379,0.230736859972804,2.56548267849535,"Cat"
"239",-0.426105475636214,-0.369047443958205,2.17054392613883,"Cat"
"240",1.24171874077068,0.57577450664862,3.14330917120703,"Cat"
"241",0.208003311985772,-0.109442762368655,2.18104408113407,"Cat"
"242",5.69946762946765,0.996741420744567,2.72313485793911,"Cookie"
"243",2.54715677466207,1.73483359955649,2.52973514752015,"Cookie"
"244",9.85734598078382,0.581276652310634,2.97384221231032,"Cookie"
"245",4.11098680384671,0.49581677948528,3.07400453952749,"Cat"
"246",7.93019821274064,-1.44542981618978,2.75245662557851,"Cat"
"247",8.85859869797168,-0.13840519042458,2.60190879353257,"Cat"
"248",6.64344456233435,0.125664684642178,2.13444316683861,"Cookie"
"249",9.64545288006171,0.686619528442117,2.85455582641277,"Cookie"
"250",-2.20107983323445,0.426945495025211,2.77843709079168,"Cat"
"251",-0.242682324791586,-0.0245304577402979,2.73899176389065,"Cat"
"252",4.15215629000903,-0.16274527991748,2.12902353655896,"Cat"
"253",-0.0212391198545339,0.243519426398959,2.11360172875415,"Cat"
"254",7.0418094441049,1.48073908412069,2.1983668971746,"Cookie"
"255",5.2672337112025,-0.956392358628736,2.41429112192991,"Cat"
"256",3.88087850262335,2.04063643510263,2.11046814828006,"Cookie"
"257",6.83088772904282,1.74310331684744,2.70721537859933,"Cookie"
"258",-1.01900568444257,1.2729746993333,2.29434931421263,"Cookie"
"259",2.90950397218865,1.45929165481154,2.26989165078205,"Cookie"
"260",1.21002343847278,-0.774066912732875,2.49930647816493,"Cat"
"261",3.47425974323915,1.02345890578971,2.7819852347952,"Cookie"
"262",-2.38393264890157,-0.573425465079012,2.43297538652698,"Cat"
"263",8.98225123297414,0.353845636514798,3.02752219264493,"Cookie"
"264",1.11272110325509,0.269135580715233,2.77212807495787,"Cat"
"265",1.79660684553118,0.0798280260773202,2.15362025125901,"Cat"
"266",1.23086834636697,1.24258246135795,2.68268809995982,"Cookie"
"267",2.71590481284894,1.43939530311404,2.69446037009684,"Cookie"
"268",2.94989132132649,0.31802520218174,2.23604500628067,"Cat"
"269",5.04185274695491,-0.479874038612788,2.75461095254811,"Cat"
"270",6.62537498791823,0.255263397093447,2.64053153263803,"Cat"
"271",7.12314119834788,0.558191339884447,2.59668706270007,"Cookie"
"272",6.15415842552683,1.54274818731128,2.6522473438869,"Cookie"
"273",6.55426210222535,1.01658858699692,2.78274202644433,"Cookie"
"274",5.73602737543456,0.70753975413725,2.57665272192958,"Cookie"
"275",0.707937032965485,-0.45763281780466,2.70511240632685,"Cat"
"276",3.41302751941692,0.928359418299289,2.68726160032983,"Cookie"
"277",9.2411276052035,0.750522703107789,3.19110546523591,"Cookie"
"278",3.63529327562451,0.237546776871328,2.30061743483802,"Cat"
"279",5.28969278168399,-0.0956024017296434,2.40059236242775,"Cat"
"280",11.5679284938499,0.380159760347772,2.5896643244475,"Cookie"
"281",4.87512120454497,0.868523247189897,2.85333012893703,"Cookie"
"282",2.51231720769321,-0.0925640788720791,2.19785829720683,"Cat"
"283",4.68213132874853,0.662711386854637,2.51421657589837,"Cookie"
"284",3.71462789187097,0.342763211245754,2.5249523346872,"Cat"
"285",0.322415322365901,1.72461135201715,2.69999201201329,"Cookie"
"286",7.01563512522206,-0.788898293422414,2.23851918542374,"Cat"
"287",0.384397002229572,0.427659804091783,2.25684749085851,"Cat"
"288",8.87772308415266,0.828943971210353,2.92234182788576,"Cookie"
"289",2.10304091422782,0.902669584904211,2.23336686372996,"Cookie"
"290",4.16267794841131,-0.0177821905812665,2.77579181029807,"Cat"
"291",5.20679211991182,1.6411427432883,2.97730105915862,"Cookie"
"292",9.8186925364712,0.167190608779878,2.82698861078398,"Cookie"
"293",7.26166544812582,0.568642294323491,2.87198526773816,"Cookie"
"294",4.60718057979222,0.477585574387979,2.63730733429159,"Cat"
"295",7.07149248049935,0.965562226909159,2.38990647772983,"Cookie"
"296",5.036373314642,0.338311131276713,2.13499835922997,"Cookie"
"297",6.44958352892279,1.17949686676802,2.23778729669599,"Cookie"
"298",-0.259261262624567,1.09057340485462,2.62345631757146,"Cat"
"299",0.0657658359992053,1.87511802994597,2.68016439094336,"Cookie"
"300",7.30999230105901,0.907863100951868,2.76564211378284,"Cookie"
"301",0.376475423411341,0.706978247740899,2.62547138007284,"Cat"
"302",5.52807243530426,1.59940117681319,3.01463237204659,"Cookie"
"303",2.18863745687731,0.0716163586622708,2.56530349278585,"Cat"
"304",7.98585253195267,0.0779693119446313,2.39710043809877,"Cookie"
"305",8.12541523772164,1.06329808415644,2.27109058896336,"Cookie"
"306",3.33309200622396,1.37748783228484,2.16253838873112,"Cookie"
"307",9.79110303142777,0.690303534299951,2.72545589382189,"Cookie"
"308",4.07112935705132,0.435571082696575,2.41139135425504,"Cat"
"309",6.73583812582223,0.0833447766429639,2.60813101645245,"Cat"
"310",-1.87666840864615,-0.0887883653913131,2.53063119345158,"Cat"
"311",4.23236240231409,1.32717030374935,2.33735994225074,"Cookie"
"312",4.06591149700539,-0.128633861608568,2.72959444684796,"Cat"
"313",7.14676350771931,-0.193216568796036,2.57940556161815,"Cat"
"314",3.27907551270648,0.0362688448515169,2.13690622508357,"Cat"
"315",0.830724182491924,1.96743030391202,2.2131021354109,"Cookie"
"316",4.74129752649347,1.251081811238,2.75069933214318,"Cookie"
"317",1.39128153789445,0.413900246116092,2.52515195487236,"Cat"
"318",-0.354441943548356,0.263423915497224,2.79318992873956,"Cat"
"319",0.475371054999863,-0.031891849144051,2.72377045933029,"Cat"
"320",6.60932019613018,0.0987195380082911,2.23888537490612,"Cat"
"321",2.32275632735791,0.283097307024302,2.40710321569206,"Cat"
"322",3.01470379343279,-0.376471383038282,2.34795838086198,"Cat"
"323",3.4701975198504,-0.0620131526684469,3.03717310047713,"Cat"
"324",9.46973959054212,-0.000497502771641845,2.64047187355279,"Cat"
"325",4.67785364352047,0.520603657624654,2.05351355934953,"Cookie"
"326",1.04212974963888,-0.293090557656533,2.75081675638864,"Cat"
"327",5.0824201662309,0.242752504430698,2.64933768795195,"Cat"
"328",4.41633264775894,0.73438261792203,2.35134356312792,"Cookie"
"329",11.143663319656,0.290927742793092,2.71249713718663,"Cookie"
"330",10.0086977972297,0.181585935813811,2.7181598951352,"Cookie"
"331",1.63208001174224,1.18736901154542,2.29753056412207,"Cookie"
"332",6.30887934685856,0.549574083255167,2.46049225990085,"Cookie"
"333",8.66727170230186,-0.483254915359958,2.24404679763205,"Cat"
"334",3.84890346386768,0.308108148955378,2.26153867883952,"Cat"
"335",5.34631275765078,0.178492118916657,2.39406295916138,"Cat"
"336",8.06464174192764,0.652205012700349,2.46358250668634,"Cookie"
"337",3.86988578084758,0.0175745687475765,2.69243771460697,"Cat"
"338",11.3745673492743,0.369794525244713,2.47295001235326,"Cookie"
"339",-0.134437397485959,0.754464948413347,2.21663303263619,"Cat"
"340",2.86642050075897,0.09427318188012,2.83378287620965,"Cat"
"341",1.6215441099733,-0.229503909541376,2.48990961559934,"Cat"
"342",-3.11548550715905,1.37538228740995,2.74030085676739,"Cat"
"343",-2.85273416822676,-0.670616273444204,2.18858920006738,"Cat"
"344",3.51465384885652,0.669235121468528,2.41924600715129,"Cookie"
"345",3.26736605516123,0.457921622072037,2.51201110743397,"Cat"
"346",7.51377724874357,0.837968124381051,2.58391736465959,"Cookie"
"347",5.99329075601603,1.24141473219076,2.44071904376758,"Cookie"
"348",0.992532752860408,-0.373203940387895,2.51979072657322,"Cat"
"349",6.11821933837792,-0.660293460884377,2.67814677935069,"Cat"
"350",5.70924666828825,0.561564097612552,2.97342663912101,"Cat"
"351",-0.45901546182668,-0.105947432440483,2.41464277127752,"Cat"
"352",0.742164966844467,0.775702219765799,2.33507914121887,"Cat"
"353",4.98981585746849,0.816014965928617,2.50284348921193,"Cookie"
"354",10.2341277257342,1.78359025807428,2.33796640538654,"Cookie"
"355",4.79866618002889,-0.393139216546522,2.94347809068468,"Cat"
"356",3.10775405945652,1.72975681143267,2.23864860623507,"Cookie"
"357",2.52769721575097,0.519539221364713,2.47975687299154,"Cat"
"358",3.47031958390978,0.630364765726007,2.486863699659,"Cat"
"359",8.38308180317759,0.568206897811454,2.82915281491811,"Cookie"
"360",7.58665854625362,-0.0460267004392466,2.90774695269495,"Cat"
"361",-0.438002751039537,0.0174828213029817,2.76836989692178,"Cat"
"362",5.25796352698285,0.261378518477287,2.36963787235123,"Cat"
"363",0.920861925247099,1.09594902524732,2.67230325171581,"Cat"
"364",2.39841961686893,0.993585899538341,2.39743806872398,"Cookie"
"365",5.1861360552257,-0.317456720807812,2.84358807816518,"Cat"
"366",4.84077035699409,1.15986130764166,2.90162909284265,"Cookie"
"367",1.46773210657372,-0.514976185094706,2.32418424528547,"Cat"
"368",5.91858338952311,1.16082580221959,2.27191799470789,"Cookie"
"369",6.31378096974678,0.221318332700474,2.69281839915565,"Cat"
"370",6.90063157915341,0.214789621465554,2.11005545513793,"Cookie"
"371",4.83674755334629,1.07621458380969,2.30356021312627,"Cookie"
"372",1.63914583029154,-0.26803994028033,2.43979563449761,"Cat"
"373",5.14245451368298,0.352868534843887,2.81150793800954,"Cat"
"374",0.703954243526204,0.60067378229636,2.75284844057544,"Cat"
"375",0.132696661502812,-0.192990027094544,2.4758485375059,"Cat"
"376",1.31479307671254,0.75292447478168,1.80496995231887,"Cookie"
"377",9.03053379750736,-0.134971080000388,2.20198669400549,"Cookie"
"378",8.60155341015972,0.240223597463821,2.34408180585262,"Cookie"
"379",1.17826320118289,0.305763941361647,2.50431131157954,"Cat"
"380",7.75802582530016,1.30375000851071,2.47626338479915,"Cookie"
"381",-0.131775636965481,0.987600075487722,2.79461387134106,"Cat"
"382",5.44116386797064,0.188217945119163,2.13713365224711,"Cat"
"383",3.01286580429524,0.548295549865109,2.40990792891371,"Cat"
"384",5.66531611370548,-0.436885684743072,2.36554935922822,"Cat"
"385",0.481544591589574,1.10414168244931,2.45666986409458,"Cookie"
"386",2.64435472602063,-0.42424229630424,2.67216610838597,"Cat"
"387",5.68908408301442,-0.471944702294092,1.87190003372089,"Cat"
"388",4.59941804130899,-0.133721926985589,2.56971881006531,"Cat"
"389",1.50993332751288,-0.248599947527444,2.2276326201399,"Cat"
"390",5.05454729719338,0.139516677967135,2.50986873473897,"Cat"
"391",6.59160737431397,-0.273995951428846,2.23267882555255,"Cat"
"392",7.03699063472729,2.14270853640485,2.87698510847554,"Cookie"
"393",2.56567993137485,0.766524440736049,2.58934616721679,"Cat"
"394",1.67845034026842,-1.15061560234612,2.06656808256768,"Cat"
"395",3.39242518969208,0.80079182553297,2.27594591716341,"Cookie"
"396",4.54183070424614,0.201697044194166,2.58292109461719,"Cat"
"397",7.10935418321648,1.24202116759428,2.72164544923424,"Cookie"
"398",0.27510810786423,0.807107504064172,2.24253975471351,"Cat"
"399",9.28701639949821,1.02208561195625,2.57843282995511,"Cookie"
"400",4.80546259910062,-1.26066762759593,2.32701006952486,"Cat"
"401",7.0702494957921,-0.626930918692763,2.50232351335658,"Cat"
"402",5.77951642063242,0.0669827770314688,2.13869927071249,"Cat"
"403",3.10650236116147,-0.333059112303177,2.68590312317582,"Cat"
"404",5.27697620947192,-0.692271060939231,2.58743166238532,"Cat"
"405",7.48290853665856,1.63944277813929,2.50715098092003,"Cookie"
"406",4.5995099897843,1.67187821369179,2.63997553494663,"Cookie"
"407",8.07109712679788,-0.554865476359439,2.48055445778732,"Cat"
"408",5.81580159840092,-0.119927852388121,1.90985101668888,"Cat"
"409",2.32906183892322,0.275498073078655,2.83231304844209,"Cat"
"410",2.21714821070482,-0.950674049514071,2.23623439805351,"Cat"
"411",0.959330530566354,0.996023361344461,1.95748125677509,"Cookie"
"412",2.65679144873548,0.201330200954833,2.82497718257008,"Cat"
"413",6.91666571526417,-0.531870366909087,2.890574356457,"Cat"
"414",0.0513674226678114,-0.273937205470883,2.49344055231939,"Cat"
"415",0.494567837184911,1.84698017806327,2.71631604132321,"Cookie"
"416",6.96299245515856,0.137754163309723,2.19953198323602,"Cookie"
"417",2.89898181711819,0.860674707973289,2.61149594100268,"Cookie"
"418",5.57559544828543,-0.655440215031679,2.58594681720496,"Cat"
"419",9.92007039109195,1.0686933365984,2.44975209670489,"Cookie"
"420",4.78265456117932,0.354154085064103,2.39492906458682,"Cat"
"421",1.05293548276685,0.364321562954496,2.4451345721094,"Cat"
"422",0.662233341897229,-0.300429385411764,2.35471045152388,"Cat"
"423",8.65970271381045,0.805147724760979,2.12224959634372,"Cookie"
"424",4.20723025523109,-0.701970517520341,2.56807840349486,"Cat"
"425",7.51952717625062,-0.526889413131651,2.69782288400147,"Cat"
"426",9.30954461754186,0.685673961027243,2.34129732478018,"Cookie"
"427",-0.324138442219009,0.555874253023285,2.52670114619495,"Cat"
"428",-1.37310591629314,0.173922845896848,2.89989001247545,"Cat"
"429",3.27466948627066,0.834872659929055,2.9615673912936,"Cat"
"430",2.28770228962149,0.404938267031977,2.72734890768063,"Cat"
"431",3.27466810730701,0.737728592391713,2.71852888747926,"Cat"
"432",2.70753578797942,1.00715012472913,2.46067055348165,"Cookie"
"433",2.32915272169875,1.90970461994748,2.37642707704904,"Cookie"
"434",7.96062355055153,-0.29718563267322,2.1877143395435,"Cat"
"435",2.05911186258047,-0.276774558254053,2.30129084049337,"Cat"
"436",-0.153219626480712,0.333138478639091,2.77534157779519,"Cat"
"437",4.02765245652277,0.724772868261485,2.59694090216939,"Cookie"
"438",3.81754910584272,1.08117340597532,3.19182552709302,"Cookie"
"439",3.97403653516437,2.11088774204972,2.16234789281914,"Cookie"
"440",6.29512894456928,-0.186841827941562,2.68598248463811,"Cat"
"441",3.63602914890962,0.400745210479968,2.39284186866038,"Cat"
"442",4.56303229454246,-0.759968545034144,2.36790055635819,"Cat"
"443",6.18734691729404,1.25536921757892,2.40711300739111,"Cookie"
"444",1.5912492792554,1.28301985652356,2.55971001805374,"Cookie"
"445",5.56601837043748,0.398170682566621,2.35307977734483,"Cookie"
"446",0.623244059962361,0.391435060472296,2.59967572862271,"Cat"
"447",4.55971850905247,0.159203225442765,2.49220457413993,"Cat"
"448",1.21351612097861,1.80646416353274,2.62843419363875,"Cookie"
"449",2.5630435761924,1.18877130625499,2.55074829851545,"Cookie"
"450",3.22825871814129,0.814979806084996,2.40557104790633,"Cookie"
"451",2.61920768641968,0.531694647449978,2.76102596297918,"Cat"
"452",-3.59135399614276,1.32079129200089,2.53043651697444,"Cat"
"453",0.766614232902645,1.20669441009781,2.716849900114,"Cookie"
"454",1.10766481213108,1.2127717857532,3.02184007016564,"Cat"
"455",10.3371861277285,0.591805592005096,2.62471079031331,"Cookie"
"456",2.55229656147411,0.14014286132306,2.79085671689905,"Cat"
"457",4.56739425975164,0.322328566074289,2.23643406158466,"Cat"
"458",-2.04588909362016,0.850534990172081,2.36939058172242,"Cat"
"459",1.58895553046801,0.294403292777822,2.44354288674464,"Cat"
"460",6.47472990001553,-0.309753515841557,2.88912398587062,"Cat"
"461",9.25532948849697,-0.0540433282750247,2.14485747645981,"Cookie"
"462",2.70127757870503,0.0729843249978905,2.68966808687772,"Cat"
"463",0.6207360907688,0.306174049593314,2.70809612830153,"Cat"
"464",9.26196039433573,-0.287114228352017,2.2891613797376,"Cat"
"465",7.11445766325568,0.346850448808924,2.6169837240866,"Cookie"
"466",4.87860665158562,-0.153067654317509,3.04461561472035,"Cat"
"467",-2.00627197871026,-0.167344454696819,2.35330943590397,"Cat"
"468",10.7387651280076,0.200469020838513,2.37838338015359,"Cookie"
"469",7.46051434877689,0.814275062753506,2.32920372972543,"Cookie"
"470",3.02207987921818,-0.344625367587178,2.60913401454706,"Cat"
"471",6.76774728498664,1.53394417310071,1.56786468259201,"Cookie"
"472",1.79600552592126,1.49768062429204,2.63662897021173,"Cookie"
"473",5.55528322796465,0.231730378537512,2.62530086321332,"Cat"
"474",8.6019228271163,1.39842046061102,2.16716592447107,"Cookie"
"475",7.10164367835735,1.67857740151307,2.49235660717283,"Cookie"
"476",-1.09278416802446,-0.318875021317711,2.35899045987702,"Cat"
"477",2.25491543212483,0.233442673029087,2.41765061083915,"Cat"
"478",6.09967361887591,2.47546057906809,2.49021226379218,"Cookie"
"479",2.70447335978391,-0.831305936672981,2.41183130832129,"Cat"
"480",6.24728893620417,1.6117720099138,2.52652786490211,"Cookie"
"481",6.7259077418216,0.7234432040435,2.51676559953082,"Cookie"
"482",-1.47124233299152,0.503715964222251,2.48368369611203,"Cat"
"483",2.23718810163176,2.13091071123808,2.41794770758813,"Cookie"
"484",0.618019234512829,0.0606816215000737,2.41649574634617,"Cat"
"485",6.14764110682486,-0.360509141952343,2.61363055302369,"Cat"
"486",7.53633137553678,1.89638817030322,2.67280725505618,"Cookie"
"487",1.44431758224026,0.743701438677879,2.56746746995825,"Cat"
"488",3.8403201579224,-0.0694791808872317,2.33275672926224,"Cat"
"489",3.87614039850417,1.69172914431338,2.99410218492774,"Cookie"
"490",2.15023976930224,1.09270833307928,2.55987296373507,"Cookie"
"491",0.329448894446885,1.17286480018164,2.60613332633899,"Cookie"
"492",2.86382523991386,-0.263022281549831,3.34171558754387,"Cat"
"493",6.6591297185864,-0.40364560672275,3.00296807827879,"Cat"
"494",11.4428078674697,-0.402295292802376,2.75829448744305,"Cat"
"495",6.74286705777406,0.369100370406704,2.25703466395172,"Cookie"
"496",4.31861281902112,0.276488667786607,2.96045859865156,"Cat"
"497",9.66148506869193,0.566383434334064,3.15120725750038,"Cookie"
"498",1.73187752586222,0.348850467122552,2.59807286355091,"Cat"
"499",4.79642716062373,-0.125395989475411,2.41076066786013,"Cat"
"500",3.53476025373017,-0.576911431628966,2.25890789098484,"Cat"
"501",-2.32119961467572,0.495096176186038,2.71784100186863,"Cat"
"502",3.90449048649887,-0.0110625948682411,2.23224256535702,"Cat"
"503",9.50145917260116,0.0389980159441641,2.8270224355554,"Cat"
"504",3.35355384986576,1.25310293690879,2.47307057617131,"Cookie"
"505",3.80326931479024,2.36935268976829,2.50098170062831,"Cookie"
"506",2.98107880596241,-0.339740205681077,2.2168842121351,"Cat"
"507",0.577125896457653,0.330378089039084,2.57367075234775,"Cat"
"508",6.6143357762402,1.3033367504369,2.2108168963266,"Cookie"
"509",5.45130841251112,-0.62400073595602,2.93860268525847,"Cat"
"510",5.0534495230546,-0.934806112519747,1.95044375377307,"Cat"
"511",3.07843732100646,1.57210772626592,2.08140273841143,"Cookie"
"512",2.12616876092131,0.487689237201927,2.68751072372308,"Cat"
"513",4.41644709111959,1.31742665841534,3.0798412162542,"Cookie"
"514",6.61450338916473,-0.876995792501381,2.69010728936444,"Cat"
"515",4.17606075195616,0.426868440168041,2.25471125400442,"Cat"
"516",8.00900080841873,1.28190105065428,3.0252687703541,"Cookie"
"517",-3.07161757764945,0.304736500176136,2.18210677579401,"Cat"
"518",-1.30023654604374,0.609950653772035,2.66283839138087,"Cat"
"519",-1.3835579338107,0.318588327666095,2.18389700525954,"Cat"
"520",-0.859462987511905,0.247879662883902,2.69337437857579,"Cat"
"521",2.7434098878949,0.106898824411172,2.76449023647828,"Cat"
"522",4.79378474668136,0.914799384641892,2.50963458763976,"Cookie"
"523",4.76948105230366,0.0871820606799665,2.43970353711981,"Cat"
"524",3.66886512586644,0.937922855352033,2.49874136497108,"Cookie"
"525",4.25324669441362,0.127909894238228,2.76007610751671,"Cat"
"526",12.6363406262142,-0.502605339314905,2.17937206875513,"Cookie"
"527",2.64319866251272,-0.199776922116211,2.2484454541918,"Cat"
"528",1.15969025355819,0.671578018485177,2.73190675399085,"Cat"
"529",3.11715387684916,0.428504279168069,2.48008787066536,"Cat"
"530",8.0941464783369,0.288383940144901,2.62183503143327,"Cookie"
"531",2.03626327845211,0.198950023283007,2.36581831535198,"Cat"
"532",7.21161102837517,0.069926238268332,2.45341300586653,"Cat"
"533",2.99832533835526,0.65227023763929,2.41025816828807,"Cat"
"534",4.88626355743286,-1.477131293159,2.5057656685809,"Cat"
"535",-0.956658173144185,1.84832605163808,2.35229095170445,"Cookie"
"536",4.71730385626829,0.255332641526679,2.48539481563082,"Cat"
"537",7.23331978006077,-0.1017020533313,2.66009372883527,"Cat"
"538",6.41965620519231,0.607254295498402,2.31023851847676,"Cookie"
"539",7.83279850934505,0.029884538059426,2.34322457749162,"Cat"
"540",3.38392895246738,-0.224904654428891,2.80202432135558,"Cat"
"541",5.55053431181137,0.915080597031915,2.26610109660802,"Cookie"
"542",5.61838354466234,0.18229987671467,2.46538583782464,"Cat"
"543",4.9655349823819,0.595353029681723,2.71594034702789,"Cat"
"544",0.0420958139875576,-1.65454769702061,3.05027061741765,"Cat"
"545",6.72002909390851,1.49765220000054,2.58932016945236,"Cookie"
"546",-1.06539441597409,1.19657068391571,2.27037792383016,"Cookie"
"547",7.26841194460002,-0.379887017910379,2.75717603085596,"Cat"
"548",6.89916998243552,0.534728207446908,2.57654947985969,"Cookie"
"549",3.37529194302947,1.6443945270013,2.79195298927502,"Cookie"
"550",4.68943873206498,1.42319259212777,2.4005544456278,"Cookie"
"551",7.87892254672632,-1.13282175133154,2.27884614997111,"Cat"
"552",4.17601921317447,1.33986022983036,2.47985592358528,"Cookie"
"553",2.20781864441786,0.18779495161474,2.47552733134786,"Cat"
"554",9.01739918635857,1.04996888981542,1.78991849495507,"Cookie"
"555",-1.35670273668431,0.174220131279379,2.41244168849068,"Cat"
"556",7.93046195872536,0.92511322419691,2.97104221049875,"Cookie"
"557",8.15858032817832,0.278456231735749,2.66787501950822,"Cookie"
"558",3.66883769755344,0.213941873976961,3.04517795312338,"Cat"
"559",2.098427686207,0.42857826583825,2.75290493930023,"Cat"
"560",5.08477003296884,1.61059308076951,2.8910810738947,"Cookie"
"561",5.25029230002637,0.429335162354605,3.14180812285211,"Cat"
"562",6.43109712208768,2.36355100943775,2.93124287004688,"Cookie"
"563",1.97698021596438,0.36442869810314,2.86901427885459,"Cat"
"564",4.23499920021418,0.757596616874233,2.23589130059615,"Cookie"
"565",0.986488939594048,-0.338310491990443,2.79725699406274,"Cat"
"566",3.93312100797967,1.11556788214164,2.48325460483379,"Cookie"
"567",5.85188479055756,0.0755199580100399,2.51133912404658,"Cat"
"568",5.94729120195194,0.0438783723115073,2.85340811566793,"Cat"
"569",6.12412313721122,0.844363571153135,2.22015469123576,"Cookie"
"570",3.37931903288677,1.16280534400114,2.59792640893773,"Cookie"
"571",-0.70255302958425,0.273188522775104,2.22842385046305,"Cat"
"572",-0.166475374794358,-0.113303962041589,2.68554735802979,"Cat"
"573",1.95545033377855,0.016874275110653,2.125914147084,"Cat"
"574",0.452121695296006,0.624605118172914,2.08527807204972,"Cat"
"575",1.72103315051431,0.0728981099358433,2.36224731480389,"Cat"
"576",5.89528345893878,0.512269586222028,2.49743782243242,"Cookie"
"577",-2.87219933442389,0.0863104992394674,2.44797673402305,"Cat"
"578",5.73732025274091,0.710918828753534,2.53090950520151,"Cookie"
"579",4.22194652715605,0.392713841945147,2.73288360529696,"Cat"
"580",2.08704483262115,-1.01742579926759,2.43413290892321,"Cat"
"581",2.60745070578771,1.4272159216835,2.40563344655357,"Cookie"
"582",3.00774243717149,1.54513968702879,2.62321579398022,"Cookie"
"583",7.09544288254411,-0.151225397174285,2.27889911617233,"Cat"
"584",2.70760755590891,1.17299811187537,2.65264385111282,"Cookie"
"585",-0.0434740169890517,1.05418081294994,2.58506692928567,"Cat"
"586",6.85317051072088,0.48762894764675,2.48875775580394,"Cookie"
"587",-1.49207674906156,-0.333069681473558,2.1663606514991,"Cat"
"588",4.12931716518172,0.276958135040717,2.33665264173603,"Cat"
"589",-1.50637008554495,1.08742212610945,2.40750697140473,"Cat"
"590",4.94552860637135,0.818727082380484,2.30837355486986,"Cookie"
"591",0.691294839730283,-0.221569093073154,2.77593872777048,"Cat"
"592",4.445819288892,0.685866602362438,2.2734439568494,"Cookie"
"593",3.59001123151288,0.717823718962465,2.52844085311488,"Cookie"
"594",4.59277552059106,0.516384650731207,1.89044658931215,"Cookie"
"595",1.78335605662303,1.03814627948186,2.09175619356525,"Cookie"
"596",3.37120780103969,-0.194787779290334,2.64249402737477,"Cat"
"597",2.86756101052778,0.338738775085444,2.28701854643519,"Cat"
"598",5.81449635023064,0.0806374716699547,2.53120446862551,"Cat"
"599",6.75486795050886,1.24859379171222,2.45736496614103,"Cookie"
"600",2.7040203266421,0.625461257616657,2.54199741184431,"Cat"
"601",2.90776521350775,0.839486505075111,2.73211257054158,"Cat"
"602",5.605706914964,0.918518239685816,2.70514730403942,"Cookie"
"603",0.499699777778501,0.730350454819489,2.75886173366857,"Cat"
"604",1.98439819075763,2.10334739831411,2.53240631838527,"Cookie"
"605",4.93271418138625,1.29294812405786,2.90609878400886,"Cookie"
"606",1.85668815452187,-0.740857349171149,2.13484802001717,"Cat"
"607",-0.552381042257116,0.65443601332561,2.42489684558852,"Cat"
"608",6.82896375663926,0.893441097013848,2.38697839983106,"Cookie"
"609",4.22187254913798,0.0960152124022429,2.3754504332327,"Cat"
"610",-0.080703534544285,1.04751703576488,2.62669449032565,"Cat"
"611",5.08074432415487,0.0836720278662755,2.57608375387445,"Cat"
"612",5.7339260259273,1.32517072071562,2.21038929391753,"Cookie"
"613",5.40547798759583,1.30613695668134,2.30223347508058,"Cookie"
"614",0.179502808528942,1.29815987981662,2.73322287932733,"Cookie"
"615",0.195183235688985,0.548127389011451,2.70783587437411,"Cat"
"616",2.08024547107388,0.139807042285386,2.32826886293878,"Cat"
"617",1.32622238781483,0.066545220640289,2.72562213803015,"Cat"
"618",-0.717876164057771,1.226564050137,2.13102746977321,"Cookie"
"619",3.78982596584422,0.799011683446353,2.52169673116624,"Cookie"
"620",0.593306787100388,-0.453845289357152,2.57064103679015,"Cat"
"621",5.8202450876976,0.383518839492004,2.33837398627869,"Cookie"
"622",-0.601954386654143,1.20252075846056,2.69074919395937,"Cat"
"623",3.34698791247487,0.309555648870478,2.40772910088866,"Cat"
"624",10.2872627961148,0.587579830975659,2.53802845711049,"Cookie"
"625",1.57143373925277,0.599049065051228,2.8267143658481,"Cat"
"626",2.34942467785876,0.788760738049662,2.33423288488116,"Cookie"
"627",7.20332198984553,1.34713920015723,2.58831588452795,"Cookie"
"628",3.99021922148535,0.612152557387451,2.82937022123014,"Cat"
"629",1.2012429799336,-1.02689459594509,2.34417615470286,"Cat"
"630",-2.10571625476617,0.0991754700054687,2.70776948053004,"Cat"
"631",6.24689037786259,0.318776912375723,2.41360262564476,"Cookie"
"632",3.7274346700455,0.180447255901272,2.1851618694437,"Cat"
"633",0.838267834215298,0.472493669878368,2.61684437558366,"Cat"
"634",5.03876786612279,0.541907658214063,2.7595490188201,"Cat"
"635",3.2128699602782,-0.273780145128096,1.51595229221986,"Cat"
"636",11.0016562610725,0.289157585757689,2.5757499321579,"Cookie"
"637",5.68024829822359,1.11157021046163,2.1500036915278,"Cookie"
"638",3.12129332714462,1.67013683249674,2.70333950715437,"Cookie"
"639",4.81184391389213,1.48048883455608,2.74140337814613,"Cookie"
"640",3.52715700106164,0.942599254228932,2.16597430321969,"Cookie"
"641",4.09277847811897,0.80534115811409,2.70946796236183,"Cookie"
"642",4.66939210774559,1.54490934383234,2.6198196484615,"Cookie"
"643",3.73659244187298,1.8475362738471,2.5575024536218,"Cookie"
"644",3.29845676726942,0.589609554665366,2.30993756261391,"Cat"
"645",2.26937799537448,-0.326514604107284,2.72218949251102,"Cat"
"646",3.44784050629242,0.100596794485118,2.70285399713192,"Cat"
"647",1.60721425988707,2.11404287099439,2.18242308998124,"Cookie"
"648",5.23559516040079,-1.27309675455752,2.41112776411427,"Cat"
"649",5.2217106112169,0.784107369276316,2.74732999433159,"Cookie"
"650",4.86982199148352,-1.0438659896625,2.16507050588784,"Cat"
"651",5.26556623553951,-0.288234209621031,2.42151576597253,"Cat"
"652",2.8694143105585,1.40343674379327,2.03705738763475,"Cookie"
"653",4.89474328381442,-0.147817526560062,2.52186865930771,"Cat"
"654",5.70044043776986,-0.20251283349314,2.63707174775868,"Cat"
"655",6.84641201017518,0.0789011705566414,1.85579152102529,"Cookie"
"656",2.58332160188353,-0.257157761213248,2.69083269997445,"Cat"
"657",2.42902616320706,0.260432154882986,2.45794610001496,"Cat"
"658",8.51920562760003,0.156470537270792,2.52826316343776,"Cookie"
"659",3.54165365944695,1.00748758202048,2.70695707160639,"Cookie"
"660",6.2502187707552,1.02102822749741,2.78513090661493,"Cookie"
"661",8.63092863794147,0.223681214953934,2.39014424932383,"Cookie"
"662",4.48033104923757,0.365397163829798,2.69680397229974,"Cat"
"663",1.69085301659821,0.941322563108813,2.04259282375208,"Cookie"
"664",9.49750052268807,0.863353480946096,2.62275887657966,"Cookie"
"665",4.53998368163588,1.33886087016097,2.71812237731824,"Cookie"
"666",0.690426656933299,1.06227967372564,2.70519775452466,"Cat"
"667",5.9837249871419,0.537454825907792,3.26453635716644,"Cat"
"668",5.11838208893896,-0.388521099513571,2.32070879669141,"Cat"
"669",-2.29760068182383,0.0659506643430059,2.6594163892136,"Cat"
"670",6.52873924167377,-0.207134036994031,2.84572894871031,"Cat"
"671",6.37189795975254,1.04232090068056,2.28178157923273,"Cookie"
"672",2.77040529579911,1.20719356595421,2.66378007948285,"Cookie"
"673",3.91803562776139,0.612274116485394,3.0833118188914,"Cat"
"674",2.72636506964421,-1.23767490325536,2.82703726464793,"Cat"
"675",3.11261096819935,1.29279301704127,2.44978853199646,"Cookie"
"676",8.65224946055273,0.363533877744256,2.46776640848316,"Cookie"
"677",1.32405900234572,0.985389302103715,2.89286411466162,"Cat"
"678",3.67061845759151,1.04498102696797,2.31977501185644,"Cookie"
"679",9.74195818102555,0.766636540526541,2.48756732270791,"Cookie"
"680",0.400133395778981,0.127734555751496,2.56801562714295,"Cat"
"681",3.46466433721706,0.685641982872509,2.89865807354369,"Cat"
"682",5.83855225885983,-0.677163465973305,2.12680030034056,"Cat"
"683",5.24752997272379,1.61987253539077,2.12190258705203,"Cookie"
"684",2.3325262908492,0.0408843155123503,2.50020997138053,"Cat"
"685",1.50981419851465,1.81550064687292,2.49836944784179,"Cookie"
"686",7.32942474653787,1.24951952729894,2.45995938998855,"Cookie"
"687",3.78125899013569,0.536913774342133,2.63082633665634,"Cat"
"688",6.40485584132912,-0.557370323932085,2.67594666581504,"Cat"
"689",6.1819604971227,0.142941523205323,2.78385174453358,"Cat"
"690",2.16818636231767,0.636326471230377,1.89741806392147,"Cookie"
"691",0.252142741781326,1.10620812307698,2.45071473750972,"Cookie"
"692",2.40698697476771,1.25541004929578,2.40308495620022,"Cookie"
"693",8.66722585514627,0.98777033842469,2.28214440207297,"Cookie"
"694",5.72786572062682,0.59633074073596,2.53345011041411,"Cookie"
"695",0.481330759467786,1.15808685568849,2.07213629449149,"Cookie"
"696",2.70893326008959,0.0191179296051348,2.56670049275141,"Cat"
"697",0.920519897578304,0.187428866262403,2.4531355225478,"Cat"
"698",-0.0520251501257842,1.19473454357231,2.70580152949228,"Cat"
"699",-3.75155231876805,0.591356781297456,2.59822107863627,"Cat"
"700",0.782782374042863,0.512885665766149,2.85480087825032,"Cat"
"701",5.10434620438095,0.80609361096512,2.42981685915751,"Cookie"
"702",6.13465622789882,1.25053071150489,2.36284755474076,"Cookie"
"703",0.893069722296938,1.7154734352861,2.2949113037915,"Cookie"
"704",0.380970934359475,1.37731481530388,2.44258399050994,"Cookie"
"705",8.26019545516752,1.07773644666304,2.74099078716536,"Cookie"
"706",5.01755052898501,0.921834980435666,2.4712425770493,"Cookie"
"707",6.59390656489478,0.432876269719149,2.42424228537438,"Cookie"
"708",5.73816281853958,0.885095683510468,2.36176435168526,"Cookie"
"709",0.127269691893343,-0.18533304562713,2.42800045980077,"Cat"
"710",7.50580375089282,0.150203174812239,2.48344748900105,"Cat"
"711",-2.61911696839246,-0.364389423211687,2.68825091870025,"Cat"
"712",6.3360248025643,-0.308743621932466,2.25861206357742,"Cat"
"713",-0.972625647667401,0.495505419931145,2.38440840835751,"Cat"
"714",9.45441535933213,-0.0217509347570732,2.42070281894964,"Cookie"
"715",-0.143421046294378,-0.282982062080176,2.7821601552016,"Cat"
"716",2.32695896807017,1.82182108097343,2.36489929819515,"Cookie"
"717",0.526938703663522,0.905641704477667,2.32943624935177,"Cat"
"718",4.62916862816587,-0.58102283217726,2.04470153562649,"Cat"
"719",12.7558067506294,0.279264001150355,2.24940255283189,"Cookie"
"720",-0.25537182667962,0.0472595362940814,2.54809897627554,"Cat"
"721",10.4133653540494,-0.373074596014618,2.56000019112691,"Cat"
"722",4.30062410508536,1.1786887449207,2.57195221729604,"Cookie"
"723",2.93431129955385,0.223513232582147,2.84946518368717,"Cat"
"724",3.26279661997544,-0.522568969277193,2.64484120447969,"Cat"
"725",1.24887611792306,0.540153154251412,2.25073295812566,"Cat"
"726",1.37208408270474,1.08204211642852,2.7121544420176,"Cookie"
"727",-1.90195043568012,1.10622169402608,2.52833686580863,"Cat"
"728",-3.42110260102254,0.275790475806292,2.83830281660946,"Cat"
"729",5.24159088446195,1.2703184773095,2.23562715392006,"Cookie"
"730",5.09300812052569,0.00802666117758521,2.16855932915067,"Cat"
"731",3.58798783413474,1.88099601663331,2.20148911386958,"Cookie"
"732",3.12411812885891,0.277652118647305,2.2974519902885,"Cat"
"733",5.26786147891769,0.806722030489774,2.50265421132874,"Cookie"
"734",-0.470180607633745,0.568604038599614,2.38965566922075,"Cat"
"735",5.05377386682855,1.37381851949379,2.27414606229177,"Cookie"
"736",6.86730521104511,-0.384843560133822,2.38849082629997,"Cat"
"737",4.44616891686967,-0.349316469462207,2.8690659730016,"Cat"
"738",7.45065083073527,0.429089010435926,2.4760640952105,"Cookie"
"739",4.36656801462981,1.3741513014874,2.34210604747834,"Cookie"
"740",5.79901537521191,0.599764792318222,2.36405994635505,"Cookie"
"741",4.25174440796954,0.375004218323574,2.04845386164526,"Cookie"
"742",4.15221684347796,1.27903976653456,3.17015140493974,"Cookie"
"743",1.17249048097402,0.253578560876908,2.50586466109642,"Cat"
"744",4.28935989820591,0.19675766759465,2.51063259144598,"Cat"
"745",4.76468286239805,0.00490869399453436,2.42856919667948,"Cat"
"746",9.19297095919544,1.28904593069221,2.72424734692999,"Cookie"
"747",5.94512694982786,0.599622758322528,2.09905616165571,"Cookie"
"748",-4.34599239589402,1.04359162427931,2.51915648078041,"Cat"
"749",-0.247558556278836,1.46638226820884,2.70265516484348,"Cookie"
"750",3.05845395031317,-0.612764580186667,3.0634027979984,"Cat"
"751",4.390939871881,0.522277863052383,2.78699653325251,"Cat"
"752",2.29836699492644,1.10541251517019,2.30595905102428,"Cookie"
"753",5.31429056387075,-0.782405991670444,2.32474633696325,"Cat"
"754",-0.870532675059118,-0.182662588358665,2.77513316072183,"Cat"
"755",2.8735471819609,0.794889537255618,3.21582765477304,"Cat"
"756",5.6867141475354,0.681784386629531,2.21579042183841,"Cookie"
"757",-1.61329847145426,0.888299666838488,2.75271469800759,"Cat"
"758",-2.6480018939406,-0.262773132265995,2.12041923260568,"Cat"
"759",2.42519228034483,1.45997973700783,2.29244269892767,"Cookie"
"760",5.70117763568219,0.940269818838257,2.51258497389258,"Cookie"
"761",6.23806032937199,-0.983197638040744,2.89890758051817,"Cat"
"762",4.44356307628216,0.281126926021374,2.50547605713548,"Cat"
"763",9.76163147749495,-0.525754811271188,2.44578656814772,"Cat"
"764",0.729450626182998,0.17778364653601,2.11900213527995,"Cat"
"765",6.45318452099886,-0.289049552776113,2.53142664932158,"Cat"
"766",4.28993229145149,0.982768251620821,1.91192279192432,"Cookie"
"767",3.40087939419447,0.455310910612126,2.2592409653276,"Cat"
"768",5.67081541746285,-0.702855186542921,2.55138529391121,"Cat"
"769",7.44076386270673,-0.239384678105765,2.57637066990926,"Cat"
"770",6.05748363636898,-0.935297894144251,3.02933822974731,"Cat"
"771",5.39515739606529,1.02815269332753,2.16114880310527,"Cookie"
"772",4.02598925885787,0.0579126599532837,2.59052490019577,"Cat"
"773",3.23848782490293,1.09601287054535,2.5767654329469,"Cookie"
"774",0.606575097093235,0.0750625561726719,2.49630049755061,"Cat"
"775",0.828228362683538,0.474630978854852,2.63317020248688,"Cat"
"776",6.08724786381635,0.214719545189331,2.7185790691094,"Cat"
"777",2.85986834529773,-0.228159746458703,2.53059752550359,"Cat"
"778",3.60037913883407,0.427661288370118,2.88544569640837,"Cat"
"779",8.76763831022376,0.0437295208068228,2.80133162226416,"Cat"
"780",7.64672754272434,1.68008418649518,2.57591629499405,"Cookie"
"781",2.18685491742539,1.8065296170495,2.7775530815617,"Cookie"
"782",3.78448444840894,0.463526093472063,2.59092644574467,"Cat"
"783",1.21588096553065,-0.707646659004799,2.19288868071523,"Cat"
"784",4.50956017005609,0.598761088750419,2.66352420684182,"Cat"
"785",0.518640145197856,1.14384932639225,1.98550287431549,"Cookie"
"786",3.0552884296592,0.95904029269581,2.41437035088225,"Cookie"
"787",6.10365596621601,1.34708248595205,2.91457570966078,"Cookie"
"788",5.98921292304199,-0.10277110198931,2.46527159298678,"Cat"
"789",6.27664086164071,0.383627332389958,2.18449899223373,"Cookie"
"790",5.2347675731448,0.0062938906327058,2.83184172570193,"Cat"
"791",-0.71595323950574,0.6216702953912,2.35917602551192,"Cat"
"792",5.55997112715699,0.104731405687769,3.05161829403769,"Cat"
"793",5.62794048792535,-0.345615829859033,2.87135705023659,"Cat"
"794",3.99009676911373,0.554704283438608,2.75333783378699,"Cat"
"795",2.52073510040725,1.16993222325708,2.44909900241944,"Cookie"
"796",1.33548095270834,0.794312054879169,2.15186689064082,"Cookie"
"797",-1.19668996581662,0.612670478275067,2.53027804120478,"Cat"
"798",2.43403184654407,-0.18633137280394,2.11676431608056,"Cat"
"799",7.50605238831177,0.191623912999866,2.69018343647759,"Cat"
"800",5.75236469518644,0.197489911050994,2.71734726498689,"Cat"
"801",-0.152933081863193,0.42216160978079,2.34499392964331,"Cat"
"802",0.391558219138118,1.31995042718343,2.50520969213368,"Cookie"
"803",3.60270139673907,-0.416078982440974,2.62377013083712,"Cat"
"804",1.62341949696869,0.160619204465385,2.31490563222437,"Cat"
"805",-1.22734050281449,0.499677265639611,2.67562618217161,"Cat"
"806",5.58553798613223,1.39198293141184,2.43877629355143,"Cookie"
"807",1.00536074464843,-0.584922041028024,2.31673998468426,"Cat"
"808",6.32175224958308,-0.50375695054067,2.47022145925388,"Cat"
"809",8.58434070315029,0.909846456717282,2.63244234479618,"Cookie"
"810",5.28540923042325,1.24444726669883,2.77739946141049,"Cookie"
"811",8.31551563493763,0.310701534196546,2.38462032219126,"Cookie"
"812",4.30331405646231,-0.788041934321722,1.98831639779204,"Cat"
"813",0.533564517114576,-0.215336152982948,2.64337187081579,"Cat"
"814",-0.494566970593212,0.88210897106798,2.57299049311976,"Cat"
"815",3.99971796419473,-0.054034833293459,2.55053511660704,"Cat"
"816",1.81668750461771,0.576833708449193,2.61943385812689,"Cat"
"817",1.67520839246947,0.519254394854373,2.06547658561822,"Cat"
"818",4.46699253654006,-0.0345014182148604,2.4847368638227,"Cat"
"819",4.17885588147778,0.751224597201321,2.44862801094093,"Cookie"
"820",7.4897583819875,1.16924786242175,2.99405092500603,"Cookie"
"821",7.39303939102437,0.0504040166428065,3.14907512831845,"Cat"
"822",2.83421661069062,0.122459192221604,2.15186245963472,"Cat"
"823",4.98867580155742,-0.471848725426063,2.43991164806726,"Cat"
"824",4.42735797390063,0.278510702777181,2.32561571510542,"Cat"
"825",2.45625956903025,0.220389331821208,2.38033175039267,"Cat"
"826",1.29623312431342,0.884743068055643,2.33522527185834,"Cookie"
"827",4.03944636383213,0.321494732428041,2.50627917824139,"Cat"
"828",-1.25652050844086,1.65904002213992,2.28444280927857,"Cookie"
"829",5.0411287244357,1.8861198297279,2.67897990923756,"Cookie"
"830",2.71051782423655,1.8411286717,2.74633601266818,"Cookie"
"831",3.80845694865062,1.59176906070308,2.96740526361457,"Cookie"
"832",10.9185776093787,-0.752576884462225,2.5255275911588,"Cat"
"833",9.26184776294962,1.22720831806498,2.48056245257196,"Cookie"
"834",7.87038804259791,1.45814904110484,2.00378980696083,"Cookie"
"835",8.97277133747992,0.0153334386589701,2.23420883664525,"Cookie"
"836",7.0506350735847,1.43816414769885,2.40271550587564,"Cookie"
"837",4.59553870422754,-0.547571174048933,2.65703175452419,"Cat"
"838",1.89440534394322,-0.133900448727341,2.87942091513713,"Cat"
"839",4.40038696364581,0.289805870513095,2.31196828367548,"Cat"
"840",0.0935557724125675,1.1020282219775,2.68761454215986,"Cat"
"841",1.42005869371723,0.883927355703051,1.86941443970254,"Cookie"
"842",1.58493908463419,-0.390132273868596,2.61148786585876,"Cat"
"843",0.941662444925275,0.795128738563274,2.61351392918207,"Cat"
"844",11.9278686965952,-0.0892282380671929,2.6701644592581,"Cookie"
"845",3.90665515975432,0.314792533204507,2.39827193688422,"Cat"
"846",7.71687436617741,0.163127958061642,2.51542679404291,"Cat"
"847",6.02108509832173,1.18783106941065,2.90355805616916,"Cookie"
"848",8.37811827470397,1.13481661783792,2.58234254183449,"Cookie"
"849",7.21378882058966,1.28241536739094,2.1256039181859,"Cookie"
"850",8.02769925842838,1.30676881866546,2.05211807958959,"Cookie"
"851",6.39438384494462,-0.181671416831511,3.02709657297294,"Cat"
"852",0.542104600542888,1.79965942701759,2.84988736223807,"Cookie"
"853",1.98847669989688,-0.738515236281645,2.60179709672859,"Cat"
"854",1.55645276889741,0.946440637622231,2.19413940131608,"Cookie"
"855",5.38296132554558,1.05991279243299,2.46447573172836,"Cookie"
"856",1.59562174351078,0.673971727072732,2.51836250428554,"Cat"
"857",1.92404687266605,0.915352283245612,1.94176138318037,"Cookie"
"858",4.38708520190508,1.17843386020251,2.50974820671381,"Cookie"
"859",4.90600576957302,0.430350549099912,2.31544927191347,"Cookie"
"860",3.57587546076598,0.476681445479699,2.80327280366385,"Cat"
"861",2.98785817882164,1.23012168047155,2.57447742938009,"Cookie"
"862",5.72066406245019,-0.219084484430803,2.80504606458327,"Cat"
"863",3.4536158837198,-0.10311443400729,2.39862502819357,"Cat"
"864",0.630586647522626,0.104970369297581,2.55405957132093,"Cat"
"865",5.02404564480235,1.29571449845614,2.13763515580785,"Cookie"
"866",4.01378220201009,-0.126905323947981,2.37547660565969,"Cat"
"867",3.6683821851032,1.67883005864166,2.10503011122126,"Cookie"
"868",0.00606226641733842,-0.488119873754206,2.47132483585872,"Cat"
"869",3.30210871275085,1.13178441400938,2.69364023287016,"Cookie"
"870",6.73605551736362,1.84874904690703,2.78591011988484,"Cookie"
"871",6.5701155414087,2.25618666018711,2.02206988718636,"Cookie"
"872",6.77048557856737,1.37103208870849,1.90114817461352,"Cookie"
"873",2.51906337119896,1.02081310045221,2.50316640571846,"Cookie"
"874",2.74970853972404,1.09279848686986,2.23024023453287,"Cookie"
"875",3.26155077815517,0.559412599127965,2.6108372021643,"Cat"
"876",2.47454135739608,-0.784330944786136,2.1833648800638,"Cat"
"877",5.47491094814246,0.595873177902898,1.78821550621502,"Cookie"
"878",1.45043378795481,0.807311874252614,2.40673071010772,"Cat"
"879",1.43673110919873,1.13790286962198,2.48463723954277,"Cookie"
"880",5.18919140551615,1.45977564341899,2.41687319309461,"Cookie"
"881",8.10602273899721,0.361949599163637,2.37007842154061,"Cookie"
"882",3.26257631964169,1.05065826582792,2.64780918590822,"Cookie"
"883",4.62327388258663,-0.559552976494052,2.67087148853401,"Cat"
"884",0.984681226120853,-0.584682984475383,2.08005157113294,"Cat"
"885",7.10766980444786,0.816284368597967,2.10712138790694,"Cookie"
"886",8.40577633711058,0.548382556486883,2.51847918906462,"Cookie"
"887",5.71148424551036,1.8242473809224,2.64409212329477,"Cookie"
"888",0.92475448386348,-0.595695368465527,2.31996787182643,"Cat"
"889",7.25434320381429,-0.865365646830937,2.94750738358616,"Cat"
"890",4.94823723277682,0.530465998555651,2.49689911641745,"Cookie"
"891",2.45568792963455,-0.772109881685825,2.57701804590517,"Cat"
"892",0.78404237939832,-0.406096490399422,2.70035455045477,"Cat"
"893",2.54322784570796,-0.380622280245698,2.24361421936288,"Cat"
"894",5.20158355472876,1.73064287516293,2.45167202269833,"Cookie"
"895",0.60267319415617,0.845093753657951,2.11894511737007,"Cat"
"896",5.31537115217087,0.215361351422952,2.98778758408858,"Cat"
"897",5.11372880191205,0.0100892881985351,2.58998411189914,"Cat"
"898",4.68445871158225,0.249042697946134,2.28748874731127,"Cat"
"899",4.17622189655264,1.04372802150478,2.36784640465602,"Cookie"
"900",3.24982848067284,0.0918955022562141,2.51519237901615,"Cat"
"901",9.03553602096797,0.629227583510616,2.12617069746385,"Cookie"
"902",7.06440025890225,-0.166623152646588,2.56968634993726,"Cat"
"903",0.109147156540491,-1.10337872581693,2.4405142387408,"Cat"
"904",1.55890784963884,-0.0390010968550423,2.6595330645174,"Cat"
"905",3.00854968249634,0.920855078871601,2.49584400850976,"Cookie"
"906",6.12948241765631,0.286042775775024,2.85732249003436,"Cat"
"907",-3.88501437205681,0.914546532779722,2.07411528644837,"Cat"
"908",5.70830690238978,0.932621943384835,2.45422382192882,"Cookie"
"909",3.24673658948849,-0.0793421123041436,2.68279068045011,"Cat"
"910",1.22252266239212,1.15967963230789,2.54869085145665,"Cookie"
"911",2.45792887321788,1.49589770256531,2.6571819842953,"Cookie"
"912",5.52114599455119,0.175775515613514,2.55139860034707,"Cat"
"913",7.03309404566103,1.40769207716222,2.35654389787361,"Cookie"
"914",2.60790716232359,0.118196074918694,2.53803459288783,"Cat"
"915",-1.88465566914212,0.973714170445843,2.70619605025492,"Cat"
"916",0.396268216498169,0.963483155672776,2.36599972454673,"Cat"
"917",6.62852741023545,-0.465929971328753,2.25567735484209,"Cat"
"918",0.00619182327744827,0.277793953486704,2.5061316637724,"Cat"
"919",2.02216937453558,0.561259674165518,2.56255307583993,"Cat"
"920",3.73674246779307,0.147719490710928,2.34693739696751,"Cat"
"921",-0.390788306102101,0.352981475247312,2.36988951313836,"Cat"
"922",5.57104533938005,-0.115537571421109,2.89032460564133,"Cat"
"923",5.40096455615362,1.17121304657294,2.44295416518497,"Cookie"
"924",11.4335004637864,-0.133162689974463,2.44334363839955,"Cookie"
"925",2.7324151062684,1.04761511804021,2.51615037732236,"Cookie"
"926",3.79393218807436,-0.924275082411879,2.4880831422568,"Cat"
"927",6.50402321748143,0.291157734988492,2.16656671003206,"Cookie"
"928",8.44291131414293,1.14536216593574,2.6246472175937,"Cookie"
"929",2.39553347924451,1.32991493584541,2.60867067159827,"Cookie"
"930",-2.74475477962385,0.425552858023514,2.34255035741991,"Cat"
"931",9.30098253263022,0.498589069962982,2.6196661378186,"Cookie"
"932",7.2908935535385,-0.62679932227336,2.97229437364891,"Cat"
"933",-0.735814037141562,0.0401870612501428,2.24931464198334,"Cat"
"934",6.75858475119941,1.62459366882584,2.40456288894457,"Cookie"
"935",8.71111825744361,0.436753813229497,2.61611459985772,"Cookie"
"936",5.10305966027504,1.5575090736023,2.39333382046577,"Cookie"
"937",0.270586096065152,-0.736636021717833,2.40493382660596,"Cat"
"938",-0.159343808536041,1.99410684481698,2.27627948960398,"Cookie"
"939",2.58590593986283,1.94816664689753,2.10863357190075,"Cookie"
"940",0.410100996526073,-1.41057564436705,2.68281680032122,"Cat"
"941",5.90059119453612,0.168582822339199,2.4181753877096,"Cat"
"942",4.01201545184963,0.163496325583394,2.72291803497402,"Cat"
"943",4.1841674467467,0.855787153857234,2.80312238418787,"Cookie"
"944",1.22764044893062,-1.06612236834325,2.10053038088611,"Cat"
"945",-2.2194165078991,0.825536070254659,2.43374309411287,"Cat"
"946",3.10570299855742,0.0648973213473557,2.43595213029098,"Cat"
"947",6.79080758843159,0.303297338429108,2.45734094819536,"Cookie"
"948",0.147973760591923,0.0775860598472846,2.67478248540533,"Cat"
"949",7.61699911040569,-1.43459076494468,2.43505891478572,"Cat"
"950",-2.58795069569861,-0.105462550297096,2.49586536869761,"Cat"
"951",-4.62660747943193,0.701828454837744,2.38923510897652,"Cat"
"952",9.5574011225057,0.652830521041934,2.50849892651927,"Cookie"
"953",-0.0531879832923092,0.250425425096362,2.70896519140617,"Cat"
"954",3.4691208639795,1.24022923646335,1.97949064304561,"Cookie"
"955",4.68361575344967,0.295742366211966,3.0115888067404,"Cat"
"956",4.00688773478362,-0.659126906923248,2.24122568750077,"Cat"
"957",5.70228423821954,0.678090087492681,2.47168755669675,"Cookie"
"958",3.5501790314954,1.12578413841797,2.01366597590427,"Cookie"
"959",3.21728964762245,1.56814983598729,2.23623915221599,"Cookie"
"960",8.26066481936193,0.00863217646376474,2.73523952066678,"Cat"
"961",5.39721300532109,-0.0804599901851808,2.31162211434034,"Cat"
"962",3.97043883507848,0.587691056748448,2.73170992911374,"Cat"
"963",1.21876531475899,-1.08558342384269,2.60102570902451,"Cat"
"964",4.02621673265955,-0.0762478895532631,2.97852613671696,"Cat"
"965",8.91445128087009,1.19166295065347,2.74635450762017,"Cookie"
"966",7.75593076425159,2.55540055271669,2.19036895568892,"Cookie"
"967",3.55131664075328,-0.504257129699417,2.54907545635941,"Cat"
"968",2.47391671093579,2.1232656967742,2.47063033316672,"Cookie"
"969",5.49061787338012,1.14793127691825,2.2425333351497,"Cookie"
"970",4.05307482349027,0.642023029202231,2.77668144544761,"Cat"
"971",0.887568261266417,0.291176968949898,2.38497134563095,"Cat"
"972",3.35006374030933,2.03768579408362,2.47873862928033,"Cookie"
"973",3.91036175414336,0.193327483028083,2.37611256075926,"Cat"
"974",4.41520359114851,1.62698542082518,2.82781542855038,"Cookie"
"975",4.06314261289757,0.247592706277873,2.74333739427774,"Cat"
"976",-1.03355880181815,-0.132694848461773,2.39495153056799,"Cat"
"977",-1.07941586263791,0.372202249087064,2.67481410387904,"Cat"
"978",3.87966382477095,-0.38455534586719,2.46730725177389,"Cat"
"979",8.20927136889026,0.266155333042497,2.58757016423772,"Cookie"
"980",13.1589151434311,0.135189792574699,2.68460748207553,"Cookie"
"981",1.40060593182613,0.153478956624081,2.20757430054458,"Cat"
"982",-2.00498422675904,0.312121797556305,2.2808062541144,"Cat"
"983",-0.278218575794177,0.830708052875262,2.35724937001973,"Cat"
"984",3.1803521692434,-0.230343033184445,2.61745174085306,"Cat"
"985",2.47150872256097,0.699487776235163,2.70325528495831,"Cat"
"986",6.51572582234726,-0.3366939957954,1.9597130263681,"Cat"
"987",5.56456272731273,-0.104788045047966,2.42776007240279,"Cat"
"988",6.83945182727594,-0.959309429725833,2.0034003871094,"Cat"
"989",6.47263707738709,0.923077832877762,2.58264357233943,"Cookie"
"990",10.1966352729625,0.620420185619525,2.3968621203878,"Cookie"
"991",-1.11329464440422,-0.299849035200105,2.22790773390407,"Cat"
"992",5.57202191650764,0.74559393091609,3.01864642825719,"Cookie"
"993",2.44524940029683,0.474136234963154,2.19616651987197,"Cat"
"994",1.27612605631126,1.27007415458815,2.23381872458141,"Cookie"
"995",4.30118035065892,0.476732771493644,2.36343396635929,"Cat"
"996",7.1880334046272,0.474645398346423,2.62805891212694,"Cookie"
"997",1.54720662713411,-0.0266060240369359,2.33138910252413,"Cat"
"998",9.62097753595386,0.192917923046829,2.61035875850697,"Cookie"
"999",9.33298448431655,-0.809800425003398,1.82307306338786,"Cat"
"1000",2.10930311769084,0.487596999778796,2.43567674510059,"Cat"
